principio activo,farmacia,descripcion,precio pesos chilenos,precio UF
ácido acetilsalicílico,farmazon,Ursofalk Comprimidos Recubiertos 500 mg,0,0.0
ácido acetilsalicílico,farmazon,Mi Vit-C x 10 Tabletas Efervecentes,0,0.0
ácido acetilsalicílico,farmazon,Glutacyl Vitaminado x 60 Cápsulas,0,0.0
ácido acetilsalicílico,farmazon,Ascend Quetiapina 400 mg x 30 Comprimidos Recubiertos de liberación prolongada,0,0.0
ácido acetilsalicílico,farmazon,Vogue Fantastic Ácidos Pop Sicodelia 262 x 10 ml,0,0.0
ácido acetilsalicílico,farmazon,Biocel x 60 Cápsulas,10490,0.31729677
ácido acetilsalicílico,farmazon,Glafornil 500 XR x 30 Comprimidos de liberación prolongada,9490,0.28704923
ácido acetilsalicílico,farmazon,Valcote 250 mg x 50 Comprimidos con recubrimiento entérico,0,0.0
metformina,ahumada,Hipoglucin 1000 mg x 30 Comprimidos Recubiertos,19395,0.5866512
metformina,ahumada,Glimefor XR 500 mg x 30 Comprimidos De Liberacion Prolongada,6995,0.2115816
ácido acetilsalicílico,farmazon,Asepxia Maquillaje Anti-Imperfecciones Polvo Compacto Tono Canela 10 gr,5990,0.18118282
ácido acetilsalicílico,farmazon,Nutrigen Proviotics+ Vitamins & Minerals x 60 Cápsulas,0,0.0
ácido acetilsalicílico,farmazon,CeraVe Crema Hidratante x 340 gramos,11990,0.3626681
ácido acetilsalicílico,farmazon,Fucidin-H Crema Tópica x 15 gr,0,0.0
ácido acetilsalicílico,farmazon,Glafornil 850 x 30 Comprimidos Recubiertos,0,0.0
losartán,farmazon,Losapres 100 100 mg x 30 Comprimidos Recubiertos,0,0.0
ácido acetilsalicílico,farmazon,Fucidin Crema Dérmica 2% x 15 gr,21990,0.66514355
ácido acetilsalicílico,farmazon,Hydraphase Intense UV Ligero x 50 ml,0,0.0
metformina,farmazon,Glifortex XR 750 mg x 30 Comprimidos Recubiertos de liberación prolongada,10490,0.31729677
ácido acetilsalicílico,farmazon,Aura Vitalis Propoleo + C Jarabe x 150 ml,2990,0.09044017
atorvastatina,ahumada,COLMIBE 20MG/10MG CAJA 30COMP,35695,1.0796862
paracetamol,ahumada,Cotibin Día Y Noche x 21 Comprimidos Recubiertos,4195,0.12688847
metformina,ahumada,Hipoglucin LP 1000 mg x 60 Comprimidos Recubiertos Liberación Prolongada,25895,0.7832602
ácido acetilsalicílico,farmazon,Mintlab Ácido Acetilsalicílico 100 mg x 100 Comprimidos,0,0.0
paracetamol,ahumada,"Tramavolta 37,5 mg/325 mg x 30 Comprimidos Recubiertos",9295,0.28115097
ácido acetilsalicílico,farmazon,Aminoplasmal B Solución para Infusión Intravenosa 10% x 500 ml,0,0.0
ácido acetilsalicílico,farmazon,Hassapirin Infantil 100 mg x 100 Comprimidos,0,0.0
paracetamol,ahumada,Zaldiar x 20 Comprimidos Recubiertos,25895,0.7832602
metformina,ahumada,Glaupax XR 1000 mg x 30 Comprimidos de Liberación Prolongada,15095,0.45658675
ácido acetilsalicílico,farmazon,Opko Ácido Acetilsalicilico 100 mg x 100 Comprimidos,0,0.0
ácido acetilsalicílico,farmazon,Folisanin 1 mg x 30 Comprimidos,3690,0.11161345
ácido acetilsalicílico,farmazon,Ácido Ibandrónico 150 mg x 1 Comp (Idena/Ibames),0,0.0
paracetamol,ahumada,Gesidol Infantil 100 mg/mL x 15 mL Solución Oral Para Gotas,3195,0.096640915
ácido acetilsalicílico,farmazon,Espercil 500 mg x 20 Comprimidos Recubiertos,45440,1.3744485
paracetamol,ahumada,Nastigrip Dia Noche x 18 Comprimidos,2995,0.09059141
ácido acetilsalicílico,farmazon,Amolex Duo Forte 800/57 Jarabe x 70 ml,0,0.0
paracetamol,ahumada,DESDOL CAJA 20 COMP. REC.,8195,0.24787866
ácido acetilsalicílico,farmazon,Inmucel x 24 Comprimidos,0,0.0
ácido acetilsalicílico,farmazon,Aspirina 100 100 mg x 42 Comprimidos,3690,0.11161345
paracetamol,farmazon,Nastigrip Día-Noche x 18 Comprimidos,2100,0.06351985
ácido acetilsalicílico,farmazon,Dragovin Solución Ótica Antiséptica y Ceruminolítica x 10 ml,7990,0.24167791
ácido acetilsalicílico,farmazon,Asepxia Jabón Barra Carbón Detox Efecto Purificante x 100 gr,2990,0.09044017
ácido acetilsalicílico,farmazon,Tónico Pasteur Jarabe x 120 ml,4990,0.15093526
ácido acetilsalicílico,farmazon,Maybelline Instant Anti-Age El Borrador Nude x 20 ml,0,0.0
ácido acetilsalicílico,farmazon,Labosalic Loción x 20 ml,0,0.0
losartán,ahumada,"Hyzaar 50 mg/12,5 mg x 30 Comprimidos Recubiertos",23895,0.72276515
metformina,farmazon,Hipoglucin 750 Lp x 30 Comprimidos de liberación prolongada,11990,0.3626681
atorvastatina,ahumada,Lipitor 10 mg x 60 Comprimidos Recubiertos,64995,1.9659394
ácido acetilsalicílico,farmazon,Labosalic Ungüento x 15 gr,0,0.0
metformina,ahumada,Galvus 50 mg x 56 Comprimidos,47095,1.4245082
ácido acetilsalicílico,ahumada,Nexium 20 mg x 28 Comprimidos Con Recubrimiento Entérico,26995,0.81653255
ácido acetilsalicílico,farmazon,Alopurinol 300 mg x 20 Comprimidos,0,0.0
metformina,ahumada,Jardiance 25 mg x 30 Comprimidos Recubiertos,45195,1.3670379
paracetamol,ahumada,Tapsin M 30 Cap,4195,0.12688847
ácido acetilsalicílico,farmazon,Petrizzio Estuche Ácido Hialurónico Día - Noche x 1 Pack,0,0.0
ácido acetilsalicílico,farmazon,Bioslim Gold Full Control x 20 Sachets,0,0.0
ácido acetilsalicílico,farmazon,Nivea Jabón Intimo Cuidado Suave x 250 ml,0,0.0
ácido acetilsalicílico,farmazon,Fitofem x 60 Cápsulas,7490,0.22655414
ácido acetilsalicílico,farmazon,SpringLife Colágeno Hidrolizado Sabor Maracuyá x 30 Sobres,0,0.0
ácido acetilsalicílico,farmazon,Hepatocan Forte x 60 Tabletas Saborizadas,0,0.0
ácido acetilsalicílico,farmazon,"Noxipar-80 Solución Inyectable 80 mg/0,8 mL x 2 Jeringas Prellenadas",12990,0.39291564
losartán,farmazon,Mintlab Losartán Potásico con Hidroclorotiazida x 30 Comprimidos Recubiertos,0,0.0
ácido acetilsalicílico,farmazon,Monovisc 4ml,179000,5.414311
ácido acetilsalicílico,farmazon,Dulzura Natural Ácido Fólico 500 ug x 120 Porciones,3690,0.11161345
ácido acetilsalicílico,farmazon,Aspirina Forte Tira x 10 Tabletas,0,0.0
metformina,ahumada,Glucophage 850mg. Caja 60 Comp.,24695,0.7469632
ácido acetilsalicílico,farmazon,Obleas Chinas Li-Wu-Pat x 20 Tabletas,0,0.0
ácido acetilsalicílico,farmazon,Ursofalk Suspensión Oral 250 mg/5 ml x 250 ml,0,0.0
paracetamol,ahumada,Panadol Niños 100mg/Ml Gotas 15ml,3495,0.10571518
metformina,ahumada,Janumet 50 mg/1000 mg x 56 Comprimidos Recubiertos,54395,1.6453154
paracetamol,ahumada,Nastul Compuesto x 100 mL Jarabe,8945,0.27056432
paracetamol,farmazon,Winasorb Solución Oral para Gotas 100 mg/ ml x 25 ml,6690,0.2023561
ácido acetilsalicílico,farmazon,Fersitol D Suplemento Alimentario Sobres x 30 Sobres,20690,0.62582177
metformina,ahumada,Hipoglucin LP 1000 mg x 30 Comprimidos Recubiertos Liberación Prolongada,16895,0.51103234
ácido acetilsalicílico,farmazon,Garnier SkinActive Mascarilla en Tela Hidra Bomb Matificante x 1 Unidad,1990,0.06019262
ácido acetilsalicílico,farmazon,Plavix 75 mg x 28 Comprimidos Recubiertos,0,0.0
paracetamol,ahumada,Tapsin Compuesto Noche 5 g x 1 Sobre Polvo Para Solución Oral,745,0.022534423
ácido acetilsalicílico,farmazon,Vichy Liftactiv Dosis Anti-Oxidante & Anti-Fatiga x 10 ml,0,0.0
ácido acetilsalicílico,farmazon,Folacid 1 mg x 30 Comprimidos,0,0.0
metformina,ahumada,Glicenex 850 mg x 30 Comprimidos Recubiertos,9995,0.30232424
ácido acetilsalicílico,farmazon,Ambar Universal Adhesivo Frasco 4 ml,0,0.0
ácido acetilsalicílico,ahumada,Trinomia 100/20/5 Mg. Caja 28cap.,24345,0.7363765
ácido acetilsalicílico,farmazon,Anacin x 50 Comprimidos Recubiertos,0,0.0
ácido acetilsalicílico,farmazon,ReGenesis Omega 3 x 30 Cápsulas,14790,0.44736123
ácido acetilsalicílico,farmazon,Eucerin Sun Pigment Control FPS 50+ x 50 ml,0,0.0
losartán,farmazon,Aratan-D Forte x 30 Comprimidos Recubiertos,0,0.0
ácido acetilsalicílico,farmazon,"Noxipar-40 Solución Inyectable 40 mg/0,4 mL x 2 Jeringas Prellenadas",10690,0.3233463
ácido acetilsalicílico,ahumada,Tapsin M x 10 Comprimidos Recubiertos,2895,0.08756665
ácido acetilsalicílico,farmazon,Memorex Jarabe x 100 ml,0,0.0
ácido acetilsalicílico,farmazon,Multiflora Polvo para Suspensión Oral Sobre 1 gr x 14 Sobres,14590,0.44131172
ácido acetilsalicílico,farmazon,Glucosa Hipertónica Solución Inyectable 30% x 500 ml,0,0.0
ácido acetilsalicílico,farmazon,"Hirudoid Crema Tópica 0,3% x 40 gr",0,0.0
ácido acetilsalicílico,farmazon,Picoprep Polvo para Solución Oral x 2 Sobres,0,0.0
atorvastatina,ahumada,Caduet 5mg/10mg Caja 30 Comp. Rec.,73695,2.229093
ácido acetilsalicílico,farmazon,Miliser 1 mg x 30 Comprimidos,0,0.0
paracetamol,ahumada,Tapsin Puro Sin Cafeina 500 mg x 24 Comprimidos,2595,0.07849239
ácido acetilsalicílico,farmazon,Nutrapharm Multivitamínico + Probióticos x 60 Comprimidos Masticables,8990,0.27192545
ácido acetilsalicílico,farmazon,Emuline Caviar Care Crema Facial Hidratante Día FPS 15 x 50 gr,0,0.0
losartán,farmazon,LCh Losartán Potásico 100 mg x 30 Comprimidos Recubiertos,4690,0.141861
ácido acetilsalicílico,farmazon,Augmentin Bid 875/125 x 20 Comprimidos Recubiertos,0,0.0
ácido acetilsalicílico,farmazon,Diarsanyl+ Pasta Oral x 24 ml,0,0.0
ácido acetilsalicílico,farmazon,Divalprex 250 mg x 50 Comprimidos con recubrimiento entérico,0,0.0
ácido acetilsalicílico,farmazon,Bio-Power Polvo Oral x 100 gr,7490,0.22655414
ácido acetilsalicílico,farmazon,Atemperator 500 mg x 50 Comprimidos con recubrimiento entérico,0,0.0
atorvastatina,ahumada,LOWDEN 10MG. CAJA 30 COMP.,18295,0.5533789
atorvastatina,farmazon,Lipitor 10 mg x 30 Comprimidos Recubiertos,0,0.0
ácido acetilsalicílico,farmazon,Nutra Omega 3 Kids Sabor Limón x 200 ml,0,0.0
ácido acetilsalicílico,ahumada,Bio Electro 10 Comprimidos,4645,0.14049986
paracetamol,ahumada,Tapsin x 12 Comprimidos,1845,0.055806726
metformina,ahumada,Hipoglucin LP 750 mg x 30 Comprimidos De Liberación Prolongada,13895,0.42028967
metformina,ahumada,Glaupax XR 500 mg x 30 Comprimidos Recubiertos De Liberación Prolongada,8995,0.2720767
paracetamol,ahumada,Trioval Dia Y Noche X 20 Comprimidos Recubiertos,5995,0.18133405
ácido acetilsalicílico,farmazon,Arama Aloe Vera Gel x 500 ml,0,0.0
ácido acetilsalicílico,farmazon,Expert-Fittigea Doble Acción Antimicótico Y Desodorante Pomada Dérmica x 20 gr,0,0.0
atorvastatina,ahumada,Lipitor 20 mg x 60 Comprimidos Recubiertos,93595,2.8310192
ácido acetilsalicílico,farmazon,Elcal Cl x 60 Comprimidos,0,0.0
ácido acetilsalicílico,farmazon,Miltina Etapa 2 x 750 gr,15690,0.474584
ácido acetilsalicílico,farmazon,Aspirina 500 mg Tira x 10 Comprimidos,0,0.0
ácido acetilsalicílico,farmazon,Zolimax Duo 800/57 Polvo para Suspensión Oral x 70 ml,0,0.0
ácido acetilsalicílico,farmazon,Aura Vitalis Omega 3 6 9 x 60 Cápsulas Blandas,0,0.0
metformina,ahumada,"Jardiance Duo 12,5 mg/1000 mg x 60 Comprimidos Recubiertos",47295,1.4305577
ácido acetilsalicílico,farmazon,Ácido Ursodeoxicólico 250 mg x 100 Comprimidos (Solvobil),28520,0.86266005
ácido acetilsalicílico,farmazon,Emolan Fluido Matificante con Ácido Hialurónico SPF 50+ x 50 ml,0,0.0
ácido acetilsalicílico,farmazon,Hospifarma Ácido Acetilsalicilico 500 mg x 20 Comprimidos,0,0.0
losartán,farmazon,Losapres D 100/25 x 30 Comprimidos Recubiertos,20490,0.61977226
paracetamol,ahumada,"Cronotan 37,5/325mg Caja 30comp",14795,0.44751248
metformina,farmazon,Galvus Met 50/850 x 28 Comprimidos Recubiertos,27490,0.83150506
ácido acetilsalicílico,farmazon,Yasta x 1 Comprimidos Efervescentes,0,0.0
ácido acetilsalicílico,farmazon,Ácido Bórico x 100 gr,0,0.0
ácido acetilsalicílico,farmazon,Quorum EDT Natural Spray x 100 ml,0,0.0
losartán,ahumada,Corodin 100mg. Caja 30 Comp.,21195,0.6410968
ácido acetilsalicílico,farmazon,Sunvit B-Complex x 100 Tabletas,0,0.0
ácido acetilsalicílico,farmazon,Cheltin Fc x 30 Comprimidos Recubiertos,0,0.0
metformina,farmazon,Andrómaco Metformina Clorhidrato 850 mg x 30 Comprimidos Recubiertos,0,0.0
ácido acetilsalicílico,farmazon,Novalif x 60 Cápsulas,18790,0.56835145
ácido acetilsalicílico,farmazon,Infor x 30 Comprimidos Recubiertos,5690,0.17210855
ácido acetilsalicílico,farmazon,Babe Proteo F+F Unidades 2 ml x 2 Ampollas,0,0.0
metformina,farmazon,Glafornil 850 x 30 Comprimidos Recubiertos,0,0.0
ácido acetilsalicílico,farmazon,Probiotic CD x 30 Cápsulas,0,0.0
ácido acetilsalicílico,farmazon,Suplalim CLA 1000 x 90 Cápsulas,0,0.0
ácido acetilsalicílico,farmazon,Andrómaco Ácido Valproico 500 mg x 30 Comprimidos con recubrimiento entérico,5990,0.18118282
ácido acetilsalicílico,farmazon,FNL CLA 1200 mg x 60 Cápsulas,0,0.0
ácido acetilsalicílico,farmazon,Fucidin Crema Dérmica 2% x 15 gr,0,0.0
ácido acetilsalicílico,farmazon,BagoVital Inmune x 30 Sobres,0,0.0
metformina,ahumada,Glucosan Xr 750mg 60comp Rec,15495,0.46868575
ácido acetilsalicílico,farmazon,Magnatil C Calcico x 30 Comprimidos Efervescentes,22790,0.6893416
ácido acetilsalicílico,farmazon,V-Plano Advance x 120 Cápsulas,0,0.0
paracetamol,farmazon,Tapsin Sin Cafeína Pediátrico Solución Oral para Gotas x 15 ml,2890,0.08741541
paracetamol,ahumada,Termo-Niofen x 120 mL Suspensión Oral,14895,0.45053723
atorvastatina,ahumada,Atorvastatina 10 mg x 30 Comprimidos Recubiertos,2695,0.081517145
ácido acetilsalicílico,ahumada,Cafiaspirina x 40 Comprimidos,9795,0.29627472
ácido acetilsalicílico,farmazon,Neofood Chitosan Silk C x 60 Cápsulas,0,0.0
metformina,ahumada,Janumet 50 mg/500 mg x 28 Comprimidos Recubiertos,34495,1.0433892
ácido acetilsalicílico,farmazon,Fuente Vital Magnesio Quelado x 60 Cápsula Vegetal,0,0.0
atorvastatina,ahumada,LOWDEN 20MG. CAJA 30 COMP.,30995,0.93752277
ácido acetilsalicílico,farmazon,Nutrapharm L-Carnitina x 60 Cápsulas,0,0.0
ácido acetilsalicílico,ahumada,Aspirina 100 mg x 98 Comprimidos,7995,0.24182914
ácido acetilsalicílico,farmazon,"Noxipar-60 Solución Inyectable 60 mg/0,6 mL x 2 Jeringas Prellenadas",11890,0.35964334
ácido acetilsalicílico,farmazon,Droguería Ñuñoa Ácido Bórico x 10 gr,0,0.0
metformina,farmazon,Jalra M 50/850 x 28 Comprimidos Recubiertos,0,0.0
paracetamol,ahumada,Trioval X 10 Comprimidos Recubiertos,4995,0.1510865
ácido acetilsalicílico,farmazon,Fresenius Kabi Glucosa Hipertónica Solución Inyectable 30% 20 ml x 100 Ampollas,0,0.0
ácido acetilsalicílico,farmazon,Quetidin XR 150 mg x 30 Comprimidos Recubiertos de liberación prolongada,0,0.0
atorvastatina,farmazon,Ascend Atorvastatina 20 mg x 30 Comprimidos Recubiertos,0,0.0
losartán,ahumada,"Simperten-D 50 mg/12,5 mg x 30 Comprimidos Recubiertos",27395,0.8286316
paracetamol,ahumada,Tramadol /Paracetamol 325/37.5 Mg 30c R,8195,0.24787866
atorvastatina,ahumada,Lipitor 40 mg x 30 Comprimidos Recubiertos,66995,2.0264344
metformina,ahumada,Galvus 50 mg x 28 Comprimidos,32595,0.9859188
losartán,farmazon,Losartán Potásico 50 mg x 30 Comprimidos Recubiertos,0,0.0
metformina,ahumada,Janumet 50 mg/1000 mg x 28 Comprimidos Recubiertos,35095,1.0615377
losartán,farmazon,Eurofarma Losartan Potásico/ Hidroclorotiazida 100/25 mg x 30 Comprimidos Recubiertos,3990,0.120687716
ácido acetilsalicílico,farmazon,Aura Vitalis Vitamina C 443 mg x 90 Cápsulas,0,0.0
ácido acetilsalicílico,farmazon,Weleda Gel Dental Vegetal x 75 ml,0,0.0
paracetamol,farmazon,Tapsin Compuesto Dn Plus x 18 Comprimidos Recubiertos,2690,0.081365906
ácido acetilsalicílico,farmazon,RaLife Crema x 30 ml,22990,0.6953911
ácido acetilsalicílico,farmazon,Protium Inmune Mini 3 gr x 15 Sobres,0,0.0
ácido acetilsalicílico,farmazon,Bio Electro x 20 Comprimidos Recubiertos,0,0.0
ácido acetilsalicílico,farmazon,Espercil 1000 Solución Inyectable x 3 Ampollas,0,0.0
ácido acetilsalicílico,farmazon,Ureadin Crema Hidratante Piel Seca FPS 20 x 15 ml,0,0.0
paracetamol,ahumada,Kitadol Duo X 10 Comp,3495,0.10571518
paracetamol,farmazon,Tapsin SC (Paracetamol) 1 Gr Efervescente x 20 Sobres,6990,0.21143036
ácido acetilsalicílico,farmazon,Ácido Zolendrónico 4 mg/ 5 ml Solución Inyectable x 5 ml (Zoletero),14700,0.44463897
metformina,ahumada,Metformina 850mg. Caja 30 Comp.Rec,2495,0.07546763
ácido acetilsalicílico,farmazon,Multiflora Plus x 60 Cápsula,31930,0.9658042
metformina,ahumada,Hipoglucin LP 750 mg x 60 Comprimidos De Liberación Prolongada,21995,0.6652948
ácido acetilsalicílico,farmazon,Andrómaco Ácido Valproico 200 mg x 30 Comprimidos con recubrimiento entérico,4490,0.1358115
metformina,farmazon,Jardiance 25 mg x 30 Comprimidos Recubiertos,30210,0.9137784
ácido acetilsalicílico,farmazon,Paroxmeltab 500 mg x 6 Comprimidos Dispersables,0,0.0
atorvastatina,ahumada,Lipitor 20 mg x 90 Comprimidos Recubiertos,101995,3.0850987
losartán,farmazon,Aratan-D x 30 Comprimidos Recubiertos,0,0.0
metformina,ahumada,"Trayenta Duo 2,5 mg/850 mg x 60 Comprimidos Recubiertos",46595,1.4093845
ácido acetilsalicílico,farmazon,Vitabral x 30 Cápsulas Blandas,0,0.0
atorvastatina,farmazon,Ascend Atorvastatina 80 mg x 30 Comprimidos Recubiertos,0,0.0
paracetamol,ahumada,Panadol Extra Advance 65/500 mg x 14 Comprimidos Recubiertos,3095,0.09361616
ácido acetilsalicílico,farmazon,LCh Paracetamol 500 mg x 16 Comprimidos,0,0.0
ácido acetilsalicílico,farmazon,Geniol Compuesto Día Polvo para Solución Oral 5 gr x 30 Sobres,0,0.0
ácido acetilsalicílico,farmazon,Quimnatura Ácido Bórico x 10 gr,650,0.019660907
ácido acetilsalicílico,farmazon,"Artren Suspensión Oral 1,8 mg/ ml x 120 ml",0,0.0
ácido acetilsalicílico,farmazon,Hassaparin Infantil x 10 Comprimidos masticable,0,0.0
ácido acetilsalicílico,farmazon,Quimnatura Ácido Salicílico x 1 gr,600,0.018148528
ácido acetilsalicílico,farmazon,Gamalate B6 x 30 Comprimidos Recubiertos,18790,0.56835145
ácido acetilsalicílico,farmazon,Monoi Tiki Tahiti Hidratante Reparador Vainilla x 120 ML,0,0.0
ácido acetilsalicílico,farmazon,Dr. Fontbote Crema corporal hidratante acido hialuronico 250 Grs.,21900,0.6624213
ácido acetilsalicílico,ahumada,Tapsin M 30 Cap,4195,0.12688847
ácido acetilsalicílico,farmazon,Dulzura Natural Omega 3 de Microalgas Vegano x 30 Cápsulas,14750,0.44615132
ácido acetilsalicílico,farmazon,Mintlab Alopurinol 300 mg x 20 Comprimidos,1690,0.051118355
metformina,farmazon,Galvus Met 50/1000 x 28 Comprimidos Recubiertos,24590,0.7437872
ácido acetilsalicílico,farmazon,"Baxter Glicina Solución para Irrigación Urológica 1,5% 3000 ml x 6 und",0,0.0
ácido acetilsalicílico,farmazon,V-Plano Men x 60 Cápsulas,0,0.0
ácido acetilsalicílico,farmazon,Wishtrend Mandelic Acid 5% Agua de Preparación de Piel x 120 ml,0,0.0
ácido acetilsalicílico,farmazon,Cardioaspirina 100 EC x 20 Comprimidos con recubrimiento entérico,4890,0.1479105
losartán,ahumada,Cozaar 50 mg x 30 Comprimidos Recubiertos,22895,0.6925176
ácido acetilsalicílico,farmazon,Eucerin PH5 Syndet Gel x 400 ml,0,0.0
atorvastatina,ahumada,Lopid 900 mg x 30 Comprimidos Recubiertos,57995,1.7542065
losartán,farmazon,"Losartán Potásico 50 mg + Hidroclorotiazida 12,5 mg x 30 Comprimidos Recubiertos",0,0.0
metformina,ahumada,Galvus Met 50 mg/850 mg x 28 Comprimidos Recubiertos,37795,1.1432061
ácido acetilsalicílico,farmazon,Duofilm Solución Tópica x 15 ml,21590,0.6530446
ácido acetilsalicílico,farmazon,LCh Paracetamol 500 mg x 8 Comprimidos,0,0.0
ácido acetilsalicílico,farmazon,Asepxia Jabón Carbón Detox Efecto Purificante x 1 Unidad,0,0.0
metformina,ahumada,Glaupax 500 Mg X 30comp Rec,7695,0.23275489
losartán,farmazon,Hyzaar Forte x 30 Comprimidos Recubiertos,0,0.0
metformina,ahumada,Galvus Met 50 mg/1000 mg x 56 Comprimidos Recubiertos,53995,1.6332164
metformina,ahumada,Glucophage Xr 500mg.Caja 30comp.,9395,0.28417572
ácido acetilsalicílico,farmazon,L'Oréal Revitalift Filler HA Crema Voluminizadora Anti-Edad Día x 50 ml,0,0.0
atorvastatina,ahumada,HIPOLIXAN 10MG. CAJA 30 COMP.,10695,0.32349753
paracetamol,ahumada,Tapsin Periodo x 12 Comprimidos,1995,0.060343858
ácido acetilsalicílico,farmazon,Body Fortess Super Advances Isolate Protein Sabor Chocolate x 680 gr,0,0.0
ácido acetilsalicílico,farmazon,Glafornil 1000 x 30 Comprimidos Recubiertos,0,0.0
paracetamol,ahumada,Tapsin Forte x 20 Comprimidos Recubiertos,3645,0.11025231
ácido acetilsalicílico,farmazon,Cafiaspirina x 40 Comprimidos,4990,0.15093526
ácido acetilsalicílico,farmazon,Amoxicilina/Ácido Clavulánico 875/125 x 20 Comprimidos Recubiertos,0,0.0
atorvastatina,farmazon,Lipox 10 mg x 30 Comprimidos Recubiertos,0,0.0
metformina,ahumada,Glucovance 500 mg/5 mg x 30 Comprimidos Recubiertos,19495,0.58967596
ácido acetilsalicílico,farmazon,Vitalis Omeprazol Polvo Liofilizado para Solución Inyectable 40 mg x 1 Ampolla,0,0.0
ácido acetilsalicílico,farmazon,Gamalate B6 Solución Oral x 80 ml,19690,0.5955742
ácido acetilsalicílico,farmazon,Neutrogena Hidro Boost Water cream x 200 ml,0,0.0
ácido acetilsalicílico,farmazon,Suplalim DHA Mini Sabor Naranja Jarabe x 150 ml,4990,0.15093526
paracetamol,ahumada,Kitadol 1 g x 18 Comprimidos,8595,0.25997767
ácido acetilsalicílico,farmazon,Tanston 500 mg x 10 Comprimidos,0,0.0
ácido acetilsalicílico,farmazon,Vitamina C 2.000 mg x 10 Comprimidos Efervecentes,0,0.0
ácido acetilsalicílico,farmazon,Tonopron Fuerte con Vitamina B12 x 20 Grageas,0,0.0
metformina,ahumada,Hipoglucin 850 mg x 60 Comprimidos Recubiertos,17995,0.5443046
ácido acetilsalicílico,farmazon,Vatanal x 10 Supositorios,9990,0.302173
ácido acetilsalicílico,farmazon,Ecotrin 100 mg x 112 Comprimidos con recubrimiento entérico,0,0.0
ácido acetilsalicílico,farmazon,Farmadel DHA Junior x 30 Cápsulas Blandas,0,0.0
paracetamol,ahumada,Gesidol Paracetamol Bioe.1gr X 20comp,8395,0.25392815
metformina,ahumada,"Jardiance Duo 12,5 mg/850 mg x 60 Comprimidos Recubiertos",47195,1.427533
paracetamol,ahumada,Nastizol Dia-Noche x 18 Comprimidos,2895,0.08756665
ácido acetilsalicílico,farmazon,Tapsin-M x 10 Comprimidos Recubiertos,1990,0.06019262
ácido acetilsalicílico,farmazon,Hassapirin Infantil 100 mg x 20 Comprimidos,0,0.0
losartán,ahumada,"Losapres D 50 mg/12,5 mg x 30 Comprimidos Recubiertos",25395,0.7681365
ácido acetilsalicílico,farmazon,Neostrata Skin Active Crema de Cuello Triple Afirmante x 80 gr,0,0.0
ácido acetilsalicílico,farmazon,Emolan Mujer Protector Solar con Ácido Hialurónico Spray x 170 ml,0,0.0
ácido acetilsalicílico,farmazon,Ferrovitaminico x 30 Comprimidos Masticables,0,0.0
losartán,farmazon,LCh Losartán Potásico 50 mg x 30 Comprimidos Recubiertos,1690,0.051118355
atorvastatina,ahumada,LIPOTEN 80 MG 28COMP,31295,0.946597
ácido acetilsalicílico,farmazon,Ácido Bórico 100 g,0,0.0
ácido acetilsalicílico,farmazon,Zolimax Duo 400/ 57 x 70 ml,0,0.0
paracetamol,ahumada,Brevex x 20 Comprimidos Recubiertos,12195,0.36886886
losartán,ahumada,Corodin 50 mg x 30 Comprimidos Recubiertos,23095,0.6985671
paracetamol,farmazon,Tapsin Compuesto con Clorfenamina Maleato Polvo para Solución Oral x 1 Sobres,590,0.017846053
ácido acetilsalicílico,farmazon,Icaps x 60 Comprimidos Recubiertos,0,0.0
paracetamol,ahumada,Cortigrip Día Noche x 15 Comprimidos,3995,0.120838955
metformina,ahumada,Glicenex SR 500 mg x 30 Comprimidos De Liberación Prolongada,8795,0.26602718
paracetamol,farmazon,Tapsin Puro Sin Cafeína 500 mg x 24 Comprimidos,1290,0.039019335
ácido acetilsalicílico,farmazon,Vitabral x 60 Cápsulas Blandas,10990,0.33242056
ácido acetilsalicílico,farmazon,Pectoflu Sabor Naranja x 150 gr,0,0.0
ácido acetilsalicílico,farmazon,Ácido Valproico Gotas 375 mg/ ml x 25 ml,0,0.0
ácido acetilsalicílico,farmazon,Aura Vitalis African Mango x 90 Cápsulas,0,0.0
ácido acetilsalicílico,farmazon,Mi Vit-C Sabor Frutos Rojos x 10 Comprimidos Masticables,0,0.0
ácido acetilsalicílico,farmazon,Adesna 500 mg x 10 Comprimidos,0,0.0
ácido acetilsalicílico,farmazon,Divalprex 500 mg x 50 Comprimidos con recubrimiento entérico,0,0.0
paracetamol,ahumada,Tapsin 1000 mg SC x 20 Comprimidos Recubiertos,8695,0.26300243
ácido acetilsalicílico,farmazon,Cellu Fort Plus x 60 Cápsulas,0,0.0
ácido acetilsalicílico,farmazon,Ferro Vital+ Sabor Grosella x 30 Comprimidos,0,0.0
ácido acetilsalicílico,farmazon,Disfruta Limón Sal Efervescente x 1,0,0.0
paracetamol,farmazon,Sevedol x 12 Comprimidos,2790,0.084390655
paracetamol,farmazon,Geniol 80 mg x 10 Comprimidos Masticables,1590,0.048093602
ácido acetilsalicílico,farmazon,Tapsin Compuesto Antigripal Aroma A Té Polvo para Solución Oral 5 gr x 1 Sobre,0,0.0
atorvastatina,farmazon,Lipitor 20 mg x 90 Comprimidos Recubiertos,0,0.0
ácido acetilsalicílico,farmazon,Suplalim Vitamina C 500 x 60 Cápsulas,0,0.0
ácido acetilsalicílico,farmazon,Aceite Corporal de Aceite de Canabis x 10 ml,0,0.0
ácido acetilsalicílico,farmazon,Quitacallos Pomada Tópica 30% x 5 gr,1890,0.057167865
atorvastatina,farmazon,Lipoten x 40 mg Comprimidos Recubiertos,0,0.0
paracetamol,ahumada,Nastul Compuesto x 10 Comprimidos Recubiertos,5045,0.15259887
ácido acetilsalicílico,farmazon,Eucerin Sun Kids Lotion con Micropigmento Sensitive Protect FPS 25 x 150 ml,0,0.0
ácido acetilsalicílico,farmazon,Maximox 875/125 x 20 Comprimidos Recubiertos,0,0.0
metformina,ahumada,Hipoglucin DA 500 mg/5 mg x 30 Comprimidos Recubiertos,12695,0.3839926
ácido acetilsalicílico,farmazon,Garnier SkinActive Mascarilla en Tela Hidra Bomb Calmante x 1 Unidad,1990,0.06019262
ácido acetilsalicílico,farmazon,Fenokomp 39 x 90 Comprimidos,2790,0.084390655
ácido acetilsalicílico,farmazon,Supradyn Active x 30 Comprimidos Recubiertos,0,0.0
metformina,ahumada,Glifortex 850mg. Caja 30 Comp.,12195,0.36886886
atorvastatina,farmazon,Lowden 40 mg x 30 Comprimidos Recubiertos,0,0.0
ácido acetilsalicílico,farmazon,Zucosos Cereal para el Desayuno x 350 gr,0,0.0
ácido acetilsalicílico,farmazon,Suplalim Probio 3 Transito Intestinal x 30 Cápsulas,0,0.0
ácido acetilsalicílico,ahumada,Sevedol x 12 Comprimidos,2995,0.09059141
ácido acetilsalicílico,farmazon,Augmentin Bid 875/125 x 14 Comprimidos Recubiertos,0,0.0
atorvastatina,farmazon,Opko Atorvastatina 10 mg x 30 Comprimidos Recubiertos,1500,0.04537132
ácido acetilsalicílico,farmazon,Mediklin Skin Color Piel x 15 gr,0,0.0
metformina,ahumada,Glicenex SR 1000 mg x 30 Comprimidos de Liberacion Prolongada,8771,0.26530123
ácido acetilsalicílico,farmazon,Whiteness Rm 6 %,0,0.0
ácido acetilsalicílico,farmazon,Neolucid Barra Limpiadora x 100 gr,0,0.0
ácido acetilsalicílico,farmazon,Cebión 2000 x 10 Tabletas Efervecentes,0,0.0
ácido acetilsalicílico,farmazon,Hassapirin Infantil 100 mg x 30 Comprimidos,0,0.0
metformina,ahumada,Janumet 50 mg/500 mg x 56 Comprimidos Recubiertos,56595,1.71186
atorvastatina,ahumada,Lipitor 20 mg x 30 Comprimidos Recubiertos,69995,2.117177
ácido acetilsalicílico,farmazon,Maltofer Fol Plus x 30 Comprimidos Recubiertos,16990,0.5139058
ácido acetilsalicílico,farmazon,Tapsin Compuesto Noche Plus Polvo para Solución Oral x 1 Sobres,0,0.0
ácido acetilsalicílico,farmazon,Scientific Body Testo Boost x 120 Cápsulas,0,0.0
ácido acetilsalicílico,farmazon,Suprapet Omega Gato Jarabe x 125 ml,5490,0.16605903
ácido acetilsalicílico,farmazon,Suplalim Thermo Burn x 60 Cápsulas,0,0.0
ácido acetilsalicílico,farmazon,Hydraphase Intense Serum Gel Concentrado Rehidratante Rellenador Inmediato x 30 ml,0,0.0
paracetamol,ahumada,Kitadol 500 mg x 24 Comprimidos,1495,0.045220084
ácido acetilsalicílico,farmazon,Hepabyl Vital x 60 Cápsulas,4490,0.1358115
ácido acetilsalicílico,farmazon,Anacin 2 Comprimidos Recubiertos x 100 Sobres,0,0.0
ácido acetilsalicílico,farmazon,SuperPet Senior Omega 3 y Omega 6 x 125 ml,5490,0.16605903
paracetamol,ahumada,Bio Electro 10 Comprimidos,4645,0.14049986
ácido acetilsalicílico,farmazon,Biotivet Plus x 10 Comprimidos,0,0.0
ácido acetilsalicílico,farmazon,Tranexton 650 mg x 30 Comprimidos,24990,0.7558862
losartán,farmazon,Lopren-D x 30 Comprimidos Recubiertos,0,0.0
ácido acetilsalicílico,farmazon,Zomepral 40 mg Liofilizado para Solución Inyectable x 1 Unidad,0,0.0
metformina,ahumada,Glucovance 1000/5 30 Comprimidos.,25095,0.75906223
metformina,ahumada,Glicenex 500 mg x 30 Comprimidos Recubiertos,6695,0.20250733
ácido acetilsalicílico,ahumada,"Trinomia 100/20/2,5 Mg Caja 28 Cap.",24595,0.74393845
paracetamol,farmazon,Tapsin SC (Paracetamol) 1 Gr x 20 Comprimidos Recubiertos,5990,0.18118282
ácido acetilsalicílico,farmazon,Vandess Piel x 30 Sobres,0,0.0
ácido acetilsalicílico,farmazon,Depakene 250 mg x 25 Cápsulas Blandas,0,0.0
atorvastatina,farmazon,Lowden 20 mg x 60 Comprimidos Recubiertos,0,0.0
ácido acetilsalicílico,farmazon,Congestex Solución para Gotas Orales x 15 ml,0,0.0
metformina,ahumada,Jardiance 10 mg x 30 Comprimidos Recubiertos,37795,1.1432061
ácido acetilsalicílico,farmazon,Vitayde C Solución Oral para Gotas x 30 ml,0,0.0
paracetamol,farmazon,Xumadol 1 gr x 20 Comprimidos,6490,0.19630659
ácido acetilsalicílico,farmazon,Fresenius Kabi Bicarbonato de Sodio 1/6 Molar Solución Inyectable 500 ml x 20 Frasco,0,0.0
ácido acetilsalicílico,farmazon,Anacin Clásico x 8 Comprimidos Recubiertos,0,0.0
ácido acetilsalicílico,farmazon,Seroquel XR 150 mg x 30 Comprimidos Recubiertos de liberación prolongada,0,0.0
ácido acetilsalicílico,farmazon,Asicot 100 mg x 30 Comprimidos Recubiertos,0,0.0
ácido acetilsalicílico,farmazon,Wishtrend Acid Duo Gel Limpiador 2% Mild x 150 ml,0,0.0
paracetamol,ahumada,Trioval X 100 Ml Suspensión Oral,15095,0.45658675
ácido acetilsalicílico,farmazon,Vichy Idéal Soleil Agua de Protección Solar Hidratación FPS 30 x 200 ml,0,0.0
atorvastatina,farmazon,LCh Atorvastatina 10 mg x 30 Comprimidos Recubiertos,1600,0.048396077
paracetamol,ahumada,Tapsin Limon Miel Jengibre Dia X 6,3495,0.10571518
ácido acetilsalicílico,farmazon,Metformina 500 mg Liberación Prolongada x 30 Comp. (Glafornil XR),0,0.0
metformina,farmazon,Glicenex 850 mg x 30 Comprimidos Recubiertos,0,0.0
ácido acetilsalicílico,farmazon,Protium Inmune Mini 1 gr x 15 Sobres,0,0.0
ácido acetilsalicílico,farmazon,Weleda Gel Dentífrico para Niños x 50ml,0,0.0
ácido acetilsalicílico,farmazon,Asicot 200 mg x 30 Comprimidos Recubiertos,0,0.0
paracetamol,ahumada,Tapsin Compuesto Dia 5 g x 6 Sobres Polvo Para Solución Oral,3445,0.1042028
losartán,farmazon,Hyzaar x 30 Comprimidos Recubiertos,0,0.0
atorvastatina,farmazon,Lipox 80 mg x 30 Comprimidos Recubiertos,0,0.0
metformina,farmazon,LCh Metformina Clorhidrato 850 mg x 30 Comprimidos,1990,0.06019262
ácido acetilsalicílico,farmazon,Maxxion R-A2 Fco.Pvo 10 gr+ Fco.Liq 8 gr [Fotocurado],0,0.0
ácido acetilsalicílico,farmazon,Aspirina 500 mg x 10 Comprimidos,0,0.0
ácido acetilsalicílico,farmazon,Mintlab Ácido Mefenámico 500 mg x 10 Comprimidos,950,0.02873517
ácido acetilsalicílico,farmazon,Cardioaspirina 100 EC mg x 50 Comprimidos con recubrimiento entérico,0,0.0
ácido acetilsalicílico,farmazon,EasyLife B-Complex Sabor Limón x 20 Tabletas efervecentes,0,0.0
ácido acetilsalicílico,farmazon,Trilipix 135 mg x 30 Cápsulas con Comprimidos con recubrimiento entérico de liberación prolongada,0,0.0
ácido acetilsalicílico,farmazon,Allergika Loción Corporal Lipolotio Urea 5% F Piel Seca x 200 ml,0,0.0
losartán,ahumada,Corodin D x 30 Comprimidos Recubiertos,31895,0.9647455
ácido acetilsalicílico,farmazon,Disfruta Clásico Sal Efervescente x 1,0,0.0
ácido acetilsalicílico,farmazon,Valma Vitamina C sabor Frutos Rojos Tira x 10 Comprimidos Masticables,0,0.0
metformina,ahumada,Glifortex XR 1000 mg x 30 Comprimidos Recubiertos De Liberación Prolongada,15595,0.4717105
paracetamol,farmazon,Tapsin-M x 10 Comprimidos Recubiertos,1990,0.06019262
ácido acetilsalicílico,farmazon,Obleas Chinas Li-Wu-Pat x 200 Tabletas,0,0.0
ácido acetilsalicílico,farmazon,Tapsin Compuesto DN x 18 Cápsulas,0,0.0
paracetamol,ahumada,Trioval Sacht Dia Y Noche Caja 3 Sob,2995,0.09059141
ácido acetilsalicílico,farmazon,Revil Vitaminado B12 Forte x 30 Comprimidos Recubiertos,0,0.0
ácido acetilsalicílico,farmazon,Fresenius Kabi Glucosa Hipertónica Solución Inyectable 30% 500 ml x 20 Frasco,0,0.0
ácido acetilsalicílico,farmazon,Mi Vit-C Multisabor x 10 Comprimidos Masticables,0,0.0
ácido acetilsalicílico,farmazon,Maybelline Base de Maquillaje Pure+ Color Dorado 45 x 30 ml,0,0.0
atorvastatina,farmazon,Lowden 20 mg x 30 Comprimidos Recubiertos,0,0.0
ácido acetilsalicílico,farmazon,Linovera Loción x 30 ml,0,0.0
ácido acetilsalicílico,farmazon,Sal de Fruta Eno Limón x 1 Sobre,350,0.010586642
metformina,ahumada,Glucophage Forte 850mg.Caja 30 Comp,14395,0.43541345
ácido acetilsalicílico,farmazon,Amoxicilina/Ácido Clavulánico 875/125 x 14 Comprimidos Recubiertos,0,0.0
ácido acetilsalicílico,farmazon,Active Ment A.R. x 90 Cápsulas,0,0.0
metformina,ahumada,Glafornil XR 1000 mg x 30 Comprimidos De Liberación Prolongada,25395,0.7681365
metformina,ahumada,GLAFORNIL 1000MG. CAJA 30 COMP.,26095,0.78930974
ácido acetilsalicílico,farmazon,Disgren Aas 81 81 mg x 30 Comprimidos con recubrimiento entérico,0,0.0
ácido acetilsalicílico,farmazon,Neostrata Refine Gel Plus x 100 ml,0,0.0
ácido acetilsalicílico,farmazon,Paroxmeltab 500 mg x 12 Comprimidos Dispersables,0,0.0
paracetamol,ahumada,Panadol Advance 500mg x 48 Comprimidos,7795,0.23577963
paracetamol,ahumada,Tapsin Periodo x 30 Comprimidos,3695,0.11176469
ácido acetilsalicílico,farmazon,Otiflex Limpiador Perros y Gatos x 100 ml,13890,0.42013845
ácido acetilsalicílico,farmazon,Abecidin ACD Solución para gotas orales x 30 ml (Fraccionado),4990,0.15093526
ácido acetilsalicílico,farmazon,Aspirina 500 mg x 100 Comprimidos,0,0.0
ácido acetilsalicílico,farmazon,Ácido Mefenámico 500 mg x 10 Comprimidos,0,0.0
paracetamol,ahumada,Trioval X 15 Ml Suspensión Oral Para Gotas,16095,0.4868343
ácido acetilsalicílico,farmazon,LRP Redermic Hyalu C Tratamiento de relleno Pieles Secas x 40 ml,0,0.0
ácido acetilsalicílico,farmazon,Aspirina Forte 650 mg x 10 Comprimidos,0,0.0
ácido acetilsalicílico,farmazon,Bioxatin Pro Age x 30 Cápsulas,0,0.0
paracetamol,farmazon,Kitadol Forte x 10 Comprimidos Recubiertos,1460,0.04416142
paracetamol,ahumada,Xumadol 1 g x 20 Comprimidos,9395,0.28417572
paracetamol,ahumada,Winasorb 100 mg/mL x 25 mL Solución Oral para Gotas,7695,0.23275489
ácido acetilsalicílico,farmazon,Infor x 60 Cápsulas Blandas,9990,0.302173
ácido acetilsalicílico,farmazon,Genomask Mascarilla Facial Flash Effect x 6 Sobres,0,0.0
atorvastatina,farmazon,Orvakare 40 mg x 30 Comprimidos Recubiertos,10990,0.33242056
ácido acetilsalicílico,farmazon,Bonviva 150 mg x 1 Comprimido,0,0.0
ácido acetilsalicílico,farmazon,Sevedol x 12 Comprimidos,2790,0.084390655
ácido acetilsalicílico,farmazon,Ursilan 250 mg x 100 Cápsulas,0,0.0
ácido acetilsalicílico,farmazon,Alopurinol 100 mg x 20 Comprimidos,0,0.0
metformina,ahumada,Hipoglucin 850 mg x 30 Comprimidos Recubiertos,10095,0.305349
ácido acetilsalicílico,farmazon,Body Fortess Super Advances Isolate Protein Sabor Crema de Vainilla x 680 gr,0,0.0
metformina,ahumada,Glimefor XR 750 mg x 30 Comprimidos De Liberacion Prolongada,11795,0.35676983
paracetamol,ahumada,Kitadol Forte x 10 Comprimidos Recubiertos,2445,0.07395525
paracetamol,ahumada,Tapsin Compuesto Noche 5 g x 6 Sobres Polvo Para Solución Oral,3495,0.10571518
paracetamol,farmazon,Nastizol Compositum x 6 Comprimidos Recubiertos,1490,0.045068845
ácido acetilsalicílico,farmazon,Yasta Efervecente x 10 Tabletas,0,0.0
ácido acetilsalicílico,farmazon,Geniol Compuesto Noche Polvo para Solución Oral 5 gr,0,0.0
ácido acetilsalicílico,farmazon,Ecotrin 100 mg x 112 Comprimidos con Recubrimiento Entérico,0,0.0
ácido acetilsalicílico,farmazon,Miltina HA2 x 500 gr,0,0.0
ácido acetilsalicílico,farmazon,Valma Vitamina C Sabor Frutos Rojos x 100 Comprimidos Masticables,1190,0.035994582
ácido acetilsalicílico,farmazon,Fructis Shampoo Fortificante Anti-Caspa Graso x 200 ml,0,0.0
ácido acetilsalicílico,farmazon,Suplalim Isoflavonas x 60 Cápsulas,0,0.0
atorvastatina,farmazon,Colmibe 40/10 x 30 Comprimidos,33990,1.0281142
metformina,ahumada,Hipoglucin LP 500 mg x 30 Comprimidos De Liberación Prolongada,9695,0.29324996
paracetamol,ahumada,Doloten 30comp Rec,18195,0.5503541
paracetamol,ahumada,Tapsin 1g Efervescente X 20 Sobres,8095,0.2448539
ácido acetilsalicílico,farmazon,Dulzura Natural Vitamina C 500mg x 120 Porciones,3990,0.120687716
paracetamol,farmazon,Xumadol Granulado Efervescente 1 gr x 20 Sobres,7990,0.24167791
metformina,ahumada,Metformina LP 750 mg x 30 Comprimidos De Liberación Prolongada,9595,0.2902252
paracetamol,ahumada,Kitadol 120 mg/5 mL x 60 mL Jarabe,10295,0.3113985
atorvastatina,ahumada,"Trinomia 100/20/2,5 Mg Caja 28 Cap.",24595,0.74393845
paracetamol,farmazon,Geniol Flu Dn x 20 Comprimidos Recubiertos,2990,0.09044017
ácido acetilsalicílico,farmazon,Clotrombix 75 mg x 30 Comprimidos Recubiertos,0,0.0
ácido acetilsalicílico,farmazon,LRP Redermic Hyalu C Ojos Tratamiento de Relleno x 15 ml,0,0.0
ácido acetilsalicílico,farmazon,Cebión Viatmina C sabor Fresa Gotas x 30 ml,7390,0.22352938
ácido acetilsalicílico,farmazon,Memorex x 60 Cápsulas,0,0.0
ácido acetilsalicílico,farmazon,Densis Solución Inyectable 5mg /100 ml x 1 Frasco,0,0.0
ácido acetilsalicílico,farmazon,Bioticaps x 30 Cápsulas,0,0.0
ácido acetilsalicílico,farmazon,Esvit-C Sabor Naranja 500 mg x 30 Comprimidos Masticables,0,0.0
ácido acetilsalicílico,farmazon,V-Plano x 60 Cápsulas,0,0.0
ácido acetilsalicílico,farmazon,Pasteur Ácido Acetilsalicílico 100 mg x 100 Comprimidos Masticables,2990,0.09044017
ácido acetilsalicílico,farmazon,Nexium 20 mg x 28 Comprimidos con recubrimiento entérico,22990,0.6953911
ácido acetilsalicílico,farmazon,Aura Vitalis Jalea Real x 40 Cápsulas,0,0.0
ácido acetilsalicílico,farmazon,Fosfato de Sodio Enema Adulto Fleet x 133 ml,0,0.0
metformina,farmazon,Glafornil 850 mg 30 Comprimidos Recubiertos,0,0.0
atorvastatina,farmazon,Ascend Atorvastatina 10 mg x 30 Comprimidos Recubiertos,0,0.0
ácido acetilsalicílico,farmazon,Supradyn Prenatal x 30 Comprimidos Recubiertos,14990,0.45341074
ácido acetilsalicílico,farmazon,Glafornil 500 x 30 Comprimidos Recubiertos,0,0.0
ácido acetilsalicílico,farmazon,Vandess FN x 60 Cápsulas Vegetales,0,0.0
ácido acetilsalicílico,farmazon,Fertilo Forte x 30 Sobres,0,0.0
ácido acetilsalicílico,farmazon,Suprapet Omega Senior Jarabe x 125 ml,0,0.0
ácido acetilsalicílico,farmazon,Valcote Sprinkle 125 mg x 50 Cápsulas,0,0.0
ácido acetilsalicílico,farmazon,Quimnatura Ácido Bórico x 1 gr,0,0.0
ácido acetilsalicílico,farmazon,Zincovit x 30 Comprimidos Recubiertos,0,0.0
ácido acetilsalicílico,farmazon,Cerebrum Jarabe x 200 ml,0,0.0
losartán,farmazon,Corodin 100 mg x 30 Comprimidos Recubiertos,0,0.0
ácido acetilsalicílico,farmazon,DEKAs Plus Gotas Orales x 60 ml,0,0.0
ácido acetilsalicílico,farmazon,LCH Paracetamol 500 mg Tira x 8 Comprimidos,0,0.0
ácido acetilsalicílico,farmazon,EasyLife Energy x 6 Tebletas Efervecentes,0,0.0
ácido acetilsalicílico,farmazon,Hydraphase Intense Legere x 50 ml,0,0.0
atorvastatina,ahumada,Ezetrol 10 mg x 30 Comprimidos,35895,1.0857357
ácido acetilsalicílico,farmazon,Biolactus x 12 Cápsulas,7990,0.24167791
metformina,farmazon,Jalra M 50/500 x 28 Comprimidos Recubiertos,0,0.0
ácido acetilsalicílico,farmazon,Fucidin-H Crema Tópica x 15 gr,22890,0.69236636
losartán,farmazon,"Eurofarma Losartán Potásico/ Hidroclorotiazida 50/12,5 x 30 Comprimidos Recubiertos",2990,0.09044017
atorvastatina,farmazon,LCh Atorvastatina 20 mg x 30 Comprimidos Recubiertos,2290,0.069266886
metformina,ahumada,"Kombiglyze XR 2,5 mg/1000 mg x 56 Comprimidos Recubiertos de Liberacion Extendida",55395,1.6755629
paracetamol,farmazon,Cotibin Día Y Noche x 14 Comprimidos Recubiertos,2990,0.09044017
ácido acetilsalicílico,farmazon,Cafiaspirina Tira x 10 Comprimidos,0,0.0
metformina,ahumada,Metformina Clorhidrato LP 500 mg x 30 Comprimidos De Liberación Prolongada,6445,0.19494544
ácido acetilsalicílico,farmazon,Glucosa Hipertónica Solución Inyectable 30% x 20 ml,0,0.0
ácido acetilsalicílico,farmazon,NoGrip Jarabe x 125 ml,0,0.0
ácido acetilsalicílico,ahumada,Acido Acetilsalic.100mg 100com.,3745,0.11327707
metformina,ahumada,Glaupax 850 Mg X 30comp Rec,6845,0.20704447
metformina,ahumada,Glucophage 500mg. Caja 30 Comp.,7195,0.2176311
ácido acetilsalicílico,ahumada,Cardioaspirina EC 325 mg x 30 Comprimidos Con Recubrimiento Entérico,16245,0.49137142
ácido acetilsalicílico,farmazon,Arama Aloe Vera Gel Estabilizado x 1000 ml,0,0.0
ácido acetilsalicílico,farmazon,Dronaval Pack Biterapia x 1 Mes Comprimidos Masticables,0,0.0
losartán,farmazon,Corodin 50 mg x 30 Comprimidos Recubiertos,0,0.0
paracetamol,ahumada,Zafin Caja 14 Comp. Rec,15895,0.48078477
ácido acetilsalicílico,farmazon,Miliser 5 mg x 30 Comprimidos,0,0.0
ácido acetilsalicílico,farmazon,Sanotact Multivitamínico + Minerales x 20 tabletas efervescentes,3690,0.11161345
ácido acetilsalicílico,farmazon,Inmucel Plus x 12 Comprimidos Masticables,0,0.0
losartán,farmazon,"Ascend Losartan Potásico/ Hidroclorotiazida 50/12,5 x 30 Comprimidos Recubiertos",0,0.0
atorvastatina,ahumada,COLMIBE 10MG/10MG CAJA 30COMP,33195,1.0040673
ácido acetilsalicílico,farmazon,Babe Laboratorios Crema Emoliente Corporal Pieles Atópicas x 200 ml,0,0.0
ácido acetilsalicílico,farmazon,Tapsin Compuesto Día Plus Polvo para Solución Oral x 1 Sobres,0,0.0
ácido acetilsalicílico,farmazon,Euronatural Probiotics x 8 Ampollas,0,0.0
losartán,farmazon,"Royal Pharma Losartán Potásico 50 mg + Hidroclorotiazida 12,5 mg x 30 Comprimidos Recubiertos",0,0.0
ácido acetilsalicílico,ahumada,Aspirina 500 mg Adulto x 40 Comprimidos,2695,0.081517145
ácido acetilsalicílico,farmazon,Ácido Tranexamico 500 mg x 20 Comprimidos (Espercil),51250,1.5501869
losartán,farmazon,Simperten-D 100/25 x 30 Comprimidos Recubiertos,0,0.0
ácido acetilsalicílico,farmazon,Cupersan Clean 440ml x 2 Fascos Y 1 Rociador,24790,0.7498367
ácido acetilsalicílico,farmazon,ANC Crema de Propoleo y Aloe Vera x 60 gr,0,0.0
ácido acetilsalicílico,farmazon,Asepxia Jabón Barra Carbón Detox Efecto Purificante x 100 gr,0,0.0
ácido acetilsalicílico,farmazon,Folvit 5 mg x 30,0,0.0
paracetamol,ahumada,Tapsin 160 mg x 16 Comprimidos Masticables,3045,0.09210379
paracetamol,ahumada,Panadol 80 mg x 20 Comprimidos Masticables,4245,0.12840085
ácido acetilsalicílico,farmazon,Omacor 1000 mg x 28 Cápsulas Blandas,0,0.0
metformina,ahumada,Galvus Met 50 mg/850 mg x 56 Comprimidos Recubiertos,53595,1.6211174
metformina,ahumada,Glafornil 500 mg x 30 Comprimidos Recubiertos,10195,0.30837375
losartán,ahumada,Losapres D 100 mg/25 mg x 30 Comprimidos Recubiertos,25595,0.774186
atorvastatina,farmazon,Lipoten 80 mg x 30 Comprimidos Recubiertos,23990,0.7256387
metformina,ahumada,Glicenex SR 750 mg x 30 Comprimidos de Liberación Prolongada,16345,0.49439618
ácido acetilsalicílico,farmazon,Seven Pharma Clopidogrel 75 mg x 30 Comprimidos Recubiertos,0,0.0
ácido acetilsalicílico,farmazon,Folacid 5 mg x 30 Comprimidos,0,0.0
ácido acetilsalicílico,farmazon,Quetidin XR 50 mg x 30 Comprimidos Recubiertos de liberación prolongada,0,0.0
ácido acetilsalicílico,farmazon,Biorgan Max x 60 Cápsulas,0,0.0
ácido acetilsalicílico,farmazon,Maximox 875/125 x 14 Comprimidos Recubiertos,0,0.0
metformina,ahumada,Glifortex XR 750 mg x 30 Comprimidos Recubiertos De Liberacion Prolongada,13295,0.40214115
paracetamol,ahumada,Cortigrip x 10 Comprimidos,3595,0.108739935
ácido acetilsalicílico,farmazon,Madecassol Crema 1% x 10 gr,0,0.0
ácido acetilsalicílico,farmazon,FDC Magnesio Quelado con Aminoácidos 500 mg x 100 Comprimidos,0,0.0
metformina,ahumada,Glucovance 500/2.5 Caja 30 Comp.,19395,0.5866512
metformina,ahumada,Galvus Met 50 mg/1000 mg x 28 Comprimidos Recubiertos,32195,0.9738198
paracetamol,ahumada,Tapsin Compuesto Dia 5 g x 1 Sobre Polvo Para Solución Oral,745,0.022534423
ácido acetilsalicílico,farmazon,ProBiotix Daily x 60 cápsulas,0,0.0
ácido acetilsalicílico,farmazon,Protium Inmune x 30 Cápsulas,12990,0.39291564
ácido acetilsalicílico,farmazon,Ácido Valproico 200 mg x 30 Comprimidos con recubrimiento entérico,0,0.0
losartán,farmazon,Losartán Potásico 100 mg x 30 Comprimidos Recubiertos,0,0.0
metformina,ahumada,Janumet XR 50 mg/1000 mg x 56 Comprimidos De Liberación Porolongada,59895,1.8116769
ácido acetilsalicílico,farmazon,Kapdolen Crema x 30 ml,0,0.0
paracetamol,ahumada,Paracetamol 500 mg x 16 Comprimidos,995,0.03009631
ácido acetilsalicílico,farmazon,Aura Vitalis Aceite de Coco Extra Virgen x 120 Cápsulas Blandas,0,0.0
ácido acetilsalicílico,farmazon,LCh Ácido Mefenámico 500 mg x 10 Comprimidos,0,0.0
ácido acetilsalicílico,farmazon,Lubriderm Crema Humectante Corporal Etapa Restauración x 400 ml,0,0.0
paracetamol,ahumada,Zaledor P x 30 Comprimidos Recubiertos,11995,0.36281934
ácido acetilsalicílico,farmazon,Hassapirin Infantil Tira x 10 Comprimidos,0,0.0
ácido acetilsalicílico,farmazon,Dulzura Natural Biotina 150 ug x 110 Porciones,3590,0.108588696
atorvastatina,farmazon,Lipitor 20 mg x 30 Comprimidos Recubiertos,0,0.0
ácido acetilsalicílico,farmazon,Lactibiane IKI x 30 Sobres,42990,1.3003421
metformina,ahumada,Kombiglyze XR 5 mg/1000 mg x 28 Comprimidos Recubiertos de Liberación Extendida,55095,1.6664886
ácido acetilsalicílico,farmazon,Gengigel Gel Afta x 20 ml,12990,0.39291564
ácido acetilsalicílico,farmazon,Anacin 2 Comprimidos Recubiertos x 1 Sobre,0,0.0
ácido acetilsalicílico,farmazon,Cingal 4ml,204000,6.1705
metformina,ahumada,Glemaz 4 mg x 30 Comprimidos,36495,1.1038842
ácido acetilsalicílico,farmazon,Eurofarma Ácido Mefenámico 500 mg x 10 Comprimidos,0,0.0
metformina,ahumada,Xig Duo XR 10 mg/1000 mg x 28 Comprimidos Recubiertos De Liberación Prolongada,40195,1.2158002
ácido acetilsalicílico,farmazon,Amoxicilina + Ácido Clavulánico 500/125 x 20 Comprimidos Recubiertos,0,0.0
ácido acetilsalicílico,farmazon,Lechuga Crema Manos Antimanchas Filtro UV x 75 gr,0,0.0
paracetamol,ahumada,Predual Caja 10 Comp.,2495,0.07546763
atorvastatina,ahumada,LOWDEN 40MG. CAJA 30 COMP.,33895,1.0252407
losartán,farmazon,Tensivel-D x 30 Comprimidos Recubiertos,0,0.0
ácido acetilsalicílico,farmazon,Sal de Fruta Eno Limón x 100 gr,2790,0.084390655
ácido acetilsalicílico,farmazon,Folvit 1 mg x 30,0,0.0
ácido acetilsalicílico,ahumada,Aspirina 500 Mg Caja 100comp,8145,0.24636628
ácido acetilsalicílico,farmazon,Biotic 5 x 30 Cápsulas,0,0.0
paracetamol,ahumada,Gesidol Infantil 120 mg/5 mL x 100 mL Jarabe,9395,0.28417572
ácido acetilsalicílico,farmazon,Suprapet Omega Perro Adulto Jarabe x 125 ml,5490,0.16605903
ácido acetilsalicílico,farmazon,Alostim Biotina x 60 Comprimidos,0,0.0
ácido acetilsalicílico,farmazon,Isdin Fotoprotector Ultra Age Repair FPS 50+ x 50 ml,0,0.0
ácido acetilsalicílico,farmazon,Natural7 Colageno Hidro7 Plus Sabor Berries x 30 Sobres,0,0.0
ácido acetilsalicílico,farmazon,Dr. Fontbote Crema facial hidratante acido hialuronico 50 Grs,20300,0.61402524
ácido acetilsalicílico,farmazon,Mi Vit-C Sabor Frutos Rojos x 100 Comprimidos Masticables,0,0.0
ácido acetilsalicílico,farmazon,Magnatil-C x 30 Comprimidos Efervescentes,0,0.0
ácido acetilsalicílico,farmazon,Duofort+C Sabor Papaya x 30 Comprimidos Masticables,0,0.0
ácido acetilsalicílico,ahumada,Coplavix 75 mg/100 mg x 28 Comprimidos Recubiertos,72995,2.2079198
ácido acetilsalicílico,farmazon,Fluyet 75 mg x 30 Comprimidos Recubiertos,0,0.0
ácido acetilsalicílico,farmazon,Reccius Jabón Ácido x 100 gr,0,0.0
ácido acetilsalicílico,farmazon,Merck Vitamina C 2.000 mg x 20 Comprimidos Efervecentes,0,0.0
ácido acetilsalicílico,farmazon,Valma Vitamina C sabor Frutos Rojos x 500 Comprimidos Masticables,0,0.0
metformina,ahumada,Glaupax XR 750 mg x 30 Comprimidos Recubiertos De Liberación Prolongada,12795,0.38701737
paracetamol,ahumada,Tapsin Forte x 30 Comprimidos Recubiertos,3945,0.11932658
ácido acetilsalicílico,farmazon,Asepxia Maquillaje Anti-Imperfecciones Polvo Compacto Tono Beige Claro 10 gr,5990,0.18118282
metformina,ahumada,Galvus Met 50 mg/500 mg x 56 Comprimidos Recubiertos,58095,1.7572312
ácido acetilsalicílico,farmazon,Iskimil 75 mg x 30 Comprimidos Recubiertos,0,0.0
ácido acetilsalicílico,farmazon,Frex Clean-T x 80 ml,0,0.0
ácido acetilsalicílico,farmazon,Aura Vitalis Aceite de Coco Extra Virgen x 220 gr,0,0.0
ácido acetilsalicílico,farmazon,Asicot 25 mg x 30 Comprimidos Recubiertos,0,0.0
ácido acetilsalicílico,farmazon,Revil B-12 Jarabe x 120 ml,0,0.0
paracetamol,ahumada,Tapsin Instaflu DN x 18 Comprimidos,6445,0.19494544
ácido acetilsalicílico,farmazon,Dr. Fontbote Crema caviar lifting reafirmante 50 Grs,27900,0.8439066
paracetamol,ahumada,Panadol Niños 160mg/5ml Jarabe 90ml,9895,0.29929948
paracetamol,ahumada,Winasorb 150 mg/5 mL x 60 mL Jarabe,7195,0.2176311
ácido acetilsalicílico,farmazon,Ursofalk 250 mg x 50 Cápsulas,0,0.0
ácido acetilsalicílico,farmazon,Solvobil 250 mg x 100 Comprimidos,28520,0.86266005
ácido acetilsalicílico,farmazon,Suplalim Vitamina C 1000 x 60 Cápsulas,4990,0.15093526
ácido acetilsalicílico,farmazon,"Maximox 400/57,1 Jarabe con Solvente x 70 ml",0,0.0
ácido acetilsalicílico,farmazon,Opti-Free Puremoist para Lentes de Contacto x 120 ml,0,0.0
ácido acetilsalicílico,farmazon,Neutrogena Gel-Crema Hydro Boost Ojos x 15 gr,0,0.0
ácido acetilsalicílico,ahumada,Cardioaspirina EC 100 mg x 50 Comprimidos Con Recubrimiento Entérico,11195,0.3386213
ácido acetilsalicílico,farmazon,Apeticat Jarabe Felino x 100 ml,9590,0.290074
losartán,ahumada,Simperten 50 mg x 30 Comprimidos Recubiertos,7695,0.23275489
ácido acetilsalicílico,farmazon,Seroquel XR 200 mg x 30 Comprimidos Recubiertos de liberación prolongada,0,0.0
atorvastatina,ahumada,Lipitor 80 mg x 30 Comprimido Recubiertos,72995,2.2079198
ácido acetilsalicílico,farmazon,Droguería Ñuñoa Ácido Salicílico x 5 gr,0,0.0
ácido acetilsalicílico,ahumada,Cardioaspirina EC 100 mg x 20 Comprimidos Con Recubrimiento Entérico,6995,0.2115816
ácido acetilsalicílico,farmazon,LCh Paracetamol 500 mg Tira x 8 Comprimidos,0,0.0
ácido acetilsalicílico,farmazon,Skin79 Jeju Aloe Agua Gel Calmante x 300 gr,0,0.0
ácido acetilsalicílico,farmazon,Isdin Fotoprotector Fusion Fluid Color FPS 50+ x 50 ml,0,0.0
metformina,farmazon,Jalra M 50/1000 x 28 Comprimidos Recubiertos,0,0.0
ácido acetilsalicílico,farmazon,Suplalim Propoleo+C Spray x 30 ml,0,0.0
ácido acetilsalicílico,farmazon,Valma Vitamina C Tira x 10 Comprimidos Masticables,0,0.0
ácido acetilsalicílico,farmazon,"Cataflam D.A.L Suspensión Oral 1,8 mg/ ml x 120 ml",0,0.0
metformina,ahumada,Xig Duo XR 5/1000 mg x 56 Comprimidos Recubiertos De Liberación Prolongada,43195,1.3065429
ácido acetilsalicílico,farmazon,Garnier SkinActive Mascarilla en Tela Hidra Bomb Redensificante x 1 Unidad,0,0.0
ácido acetilsalicílico,farmazon,Ácido Alendrónico 70 mg x 10 Comp (Aldrox),9860,0.2982408
metformina,farmazon,Hipoglucin 1000 Lp x 30 Comprimidos de liberación prolongada,12790,0.38686612
ácido acetilsalicílico,farmazon,Nutrigen Actbrand Multivitaminas x 60 Tabletas,0,0.0
paracetamol,farmazon,Doloten x 30 Comprimidos Recubiertos,13990,0.4231632
ácido acetilsalicílico,farmazon,Active Ment A.R. x 30 Cápsulas,0,0.0
paracetamol,ahumada,Sevedol x 12 Comprimidos,2995,0.09059141
ácido acetilsalicílico,farmazon,Sicadol Forte 500 mg x 20 Comprimidos,0,0.0
ácido acetilsalicílico,farmazon,"Nurox Solución Inyectable 60 mg/0,6 ml x 2 Jeringas Prellenadas",0,0.0
ácido acetilsalicílico,farmazon,Opko Amoxicilina + Ácido Clavulánico 500/125 x 20 Comprimidos Recubiertos,0,0.0
paracetamol,ahumada,Supracalm 1 g x 20 Comprimidos Recubiertos,10995,0.33257177
ácido acetilsalicílico,farmazon,Hospifarma Amoxicilina/ Ácido Clavulánico 500/125 x 20 Comprimidos Recubiertos,0,0.0
ácido acetilsalicílico,farmazon,ANC Aceite de Pescado x 60 Cápsulas,0,0.0
atorvastatina,ahumada,LOWDEN 20MG. 60 COMP. REC.,47195,1.427533
ácido acetilsalicílico,farmazon,Cardioaspirina 325 Ec x 30 Comprimidos con recubrimiento entérico,8490,0.2568017
ácido acetilsalicílico,farmazon,Ionil-T Champú x 125 ml,0,0.0
atorvastatina,farmazon,Lipitor 10 mg x 60 Comprimidos Recubiertos,0,0.0
ácido acetilsalicílico,farmazon,Berocca Plus x 30 Comprimidos Recubiertos,0,0.0
ácido acetilsalicílico,farmazon,Ambar Universal Adhesivo Frasco 6 ml,0,0.0
paracetamol,ahumada,Tapsin x 30 Comprimidos,3395,0.10269043
ácido acetilsalicílico,ahumada,Trinomia 100/20/10mg. 28 Cap.,24995,0.7560375
ácido acetilsalicílico,farmazon,Ecotrin 100 mg x 56 Comprimidos con recubrimiento entérico,0,0.0
ácido acetilsalicílico,farmazon,Piclokare 75 mg x 28 Comprimidos Recubiertos,0,0.0
ácido acetilsalicílico,farmazon,Atemperator 500 mg x 20 Comprimidos con recubrimiento entérico,0,0.0
paracetamol,ahumada,Panadol Advance 500mg x 12 Comprimidos,3245,0.09815329
ácido acetilsalicílico,farmazon,Alostim Biotina Suspensión x 60 ml,0,0.0
ácido acetilsalicílico,farmazon,Ecotrin 100 mg x 28 Comprimidos con recubrimiento entérico,0,0.0
ácido acetilsalicílico,farmazon,Aspirina 500 mg x 20 Comprimidos,1790,0.054143112
paracetamol,ahumada,Nastizol Dia - Noche Caja 18 Comp.,2995,0.09059141
ácido acetilsalicílico,farmazon,Floralite Sabor Naranja Solución Oral x 500 ml,0,0.0
ácido acetilsalicílico,farmazon,Ascend Amoxicilina + Ácido Clavulanico 875/125 x 14 Comprimidos,0,0.0
ácido acetilsalicílico,farmazon,Atemperator 250 mg x 20 Comprimidos con recubrimiento entérico,0,0.0
metformina,farmazon,Glifortex XR 1000 mg x 30 Comprimidos Recubiertos de liberación prolongada,12590,0.38081664
atorvastatina,ahumada,LIPOTEN 40 MG 28COMP,29395,0.88912666
ácido acetilsalicílico,farmazon,Geniol Compuesto Día Polvo para Solución Oral 5 gr,0,0.0
ácido acetilsalicílico,farmazon,UltraSkin Crema Facial Pro Calcio Noche x 50 gr,0,0.0
ácido acetilsalicílico,farmazon,Cebión 1000 Vitamina C x 10 Comprimidos Efervecentes,3190,0.096489675
losartán,farmazon,Simperten 100 mg x 30 Comprimidos Recubiertos,0,0.0
ácido acetilsalicílico,farmazon,Health Natural Maca Premium x 60 Cápsulas,0,0.0
ácido acetilsalicílico,farmazon,Maybelline Instant Anti-Age El Borrador Sand x 20 ml,0,0.0
metformina,ahumada,Glafornil XR 750 mg x 30 Comprimidos De Liberación Prolongada,21095,0.638072
atorvastatina,ahumada,Trinomia 100/20/10mg. 28 Cap.,24995,0.7560375
ácido acetilsalicílico,farmazon,SAF-Gel Hidratante Dérmico para Heridas con Alginato x 85 gr,0,0.0
ácido acetilsalicílico,farmazon,Quetidin XR 200 mg x 30 Comprimidos Recubiertos de liberación prolongada,0,0.0
ácido acetilsalicílico,farmazon,Gesidol Supositorios Infantiles 125 mg x 5,0,0.0
metformina,ahumada,Glucophage XR 750 mg x 30 Comprimidos De Liberación Prolongada,18995,0.5745522
ácido acetilsalicílico,farmazon,Pet-Otic Solución de Limpieza Ótica x 100 ml,7990,0.24167791
ácido acetilsalicílico,farmazon,Gerioox x 30 Comprimidos,0,0.0
ácido acetilsalicílico,farmazon,Multiflora Advance x 30 Cápsulas,17790,0.5381039
ácido acetilsalicílico,farmazon,Nexium 40 mg x 28 Comprimidos con recubrimiento entérico,37890,1.1460795
metformina,ahumada,Trayenta 5 mg x 30 Comprimidos Recubiertos,47195,1.427533
ácido acetilsalicílico,farmazon,Sir Dog Premium Shampoo Shed Control x 390 ml,0,0.0
ácido acetilsalicílico,farmazon,Skin79 AragoSpa Foaming Cleanser x 150 ml,0,0.0
ácido acetilsalicílico,farmazon,Allergika Loción Corporal Lipolotio Urea 10 % Piel Seca x 200 ml,0,0.0
metformina,ahumada,Galvus Met 50 mg/500 mg x 28 Comprimidos Recubiertos,32495,0.98289406
ácido acetilsalicílico,farmazon,Suprapet Omega Puppy Jarabe x 125 ml,5490,0.16605903
paracetamol,ahumada,Xumadol 1 g Sobres x 20 Sobres Con Granulado Efervescente,10095,0.305349
ácido acetilsalicílico,farmazon,Natural7 Palto Jengibre Solución Oral x 150 gr,0,0.0
paracetamol,ahumada,Tapsin 100 mg/mL x 15 mL Solución Oral Para Gotas,3995,0.120838955
metformina,farmazon,Glafornil 1000 x 30 Comprimidos Recubiertos,0,0.0
ácido acetilsalicílico,farmazon,Shot B Total x 30 Cápsulas,7490,0.22655414
ácido acetilsalicílico,farmazon,Easylife Sales de Rehidratación Oral Efervescentes Sabor Limón x 10,0,0.0
ácido acetilsalicílico,farmazon,Nutrapharm Vitafuel Multivitamínico x 30 Comprimidos,0,0.0
ácido acetilsalicílico,farmazon,Clavoxilina Bid 875/125 x 20 Comprimidos Recubiertos,0,0.0
ácido acetilsalicílico,farmazon,Andrómaco Ácido Valproico Solución para Gotas Orales 375 mg/ ml x 25 ml,0,0.0
ácido acetilsalicílico,farmazon,Berocca Plus x 30 Comprimidos Efervecentes,0,0.0
losartán,ahumada,Hyzaar Forte 100 mg/25 mg x 30 Comprimidos Recubiertos,19895,0.601775
ácido acetilsalicílico,farmazon,Lactibiane Tolerance x 30 Cápsulas,0,0.0
losartán,farmazon,"Hospifarma Losartán Potásico/ Hidroclorotiazida 50/12,5 x 30 Comprimidos Recubiertos",0,0.0
ácido acetilsalicílico,farmazon,Facitor Tira x 10 Cápsulas,0,0.0
paracetamol,ahumada,Tapsin Limon Miel Jengibre Noche X 6,3495,0.10571518
ácido acetilsalicílico,farmazon,Sicadol Forte 500 mg x 10 Comprimidos,0,0.0
ácido acetilsalicílico,farmazon,Fusimed Crema Tópica 2% x 15 gr,0,0.0
ácido acetilsalicílico,farmazon,Hospifarma Amoxicilina/ Ácido Clavulánico 875/125 x 14 Comprimidos Recubiertos,0,0.0
ácido acetilsalicílico,farmazon,"Bion BB Gotas x 2,1 ml",17990,0.5441534
ácido acetilsalicílico,farmazon,Arthrum 75 Visc Mono Inyección x 1 Unidad,0,0.0
ácido acetilsalicílico,farmazon,Fucicort Crema Dérmica x 15 gr,21390,0.64699507
ácido acetilsalicílico,farmazon,Congestex x 10 Cápsulas,0,0.0
atorvastatina,ahumada,Lipitor 10 mg x 30 Comprimidos Recubiertos,50995,1.5424737
losartán,farmazon,Ascend Losartán Potásico 50 mg x 30 Comprimidos Recubiertos,0,0.0
atorvastatina,ahumada,Trinomia 100/20/5 Mg. Caja 28cap.,24345,0.7363765
ácido acetilsalicílico,farmazon,Suplalim B-Complex x 60 Cápsulas,5890,0.17815806
ácido acetilsalicílico,farmazon,Serum facial acido hialuronico 30 grs.,18900,0.57167864
ácido acetilsalicílico,farmazon,Ácido Bórico x 250 gr,0,0.0
losartán,ahumada,Cozaar 100 mg x 30 Comprimidos Recubiertos,23995,0.7257899
ácido acetilsalicílico,farmazon,Nivea Hyaluron Cellular Filler Crema Facial Anti-Edad de Dia +Reafirmante x 50 ml,0,0.0
paracetamol,ahumada,Zafin x 28 Comprimidos Recubiertos,26895,0.8135078
losartán,ahumada,Losapres 50 mg x 30 Comprimidos Recubiertos,26295,0.79535925
losartán,ahumada,Losapres 100 mg x 30 Comprimidos Recubiertos,19595,0.5927007
ácido acetilsalicílico,farmazon,Monoi Tiki Tahiti Hidratante Reparador Tiare x 120 ML,0,0.0
metformina,ahumada,Glafornil XR 500 mg x 30 Comprimidos De Liberación Prolongada,11195,0.3386213
metformina,ahumada,"Trayenta Duo 2,5 mg/1000 mg x 60 Comprimidos Recubiertos",47195,1.427533
ácido acetilsalicílico,farmazon,Eno Limon Sal de Fruta x 1 Sobre,0,0.0
paracetamol,ahumada,Cronus x 20 Comprimidos,19195,0.5806017
losartán,farmazon,Corodin-D Forte x 30 Comprimidos Recubiertos,0,0.0
ácido acetilsalicílico,farmazon,ExelMyo Suplemento alimenticio polvo 120 gr x 30 sobres,22990,0.6953911
ácido acetilsalicílico,farmazon,Multiflora Plus x 30 Cápsula,17510,0.52963454
ácido acetilsalicílico,farmazon,Clopidogrel 75 mg x 30 Comprimidos Recubiertos,0,0.0
ácido acetilsalicílico,farmazon,Hospifarma Amoxicilina/ Ácido Clavulánico 875/125 x 20 Comprimidos Recubiertos,0,0.0
ácido acetilsalicílico,farmazon,Garnier SkinActive Mascarilla Negra en Tela Pure Carbón x 1 Unidad,1990,0.06019262
ácido acetilsalicílico,farmazon,Greencla Diet Suplemento Diario x 30 Cápsulas,0,0.0
paracetamol,ahumada,Kitadol 100 mg/mL x 15 mL Solución Oral Para Gotas,3995,0.120838955
atorvastatina,farmazon,Lipox 40 mg x 30 Comprimidos Recubiertos,0,0.0
ácido acetilsalicílico,farmazon,FDC Hair & Nails x 90 Cápsulas,0,0.0
paracetamol,farmazon,Tapsin Forte x 20 Comprimidos Recubiertos,2490,0.07531639
atorvastatina,ahumada,COLMIBE 40MG/10MG CAJA 30COMP,39395,1.1916021
ácido acetilsalicílico,farmazon,ReGenesis Max Omega 3 x 30 Cásulas Blandas,14790,0.44736123
metformina,farmazon,Glucosan XR 1000 mg x 60 Comprimidos,15990,0.48365828
losartán,farmazon,Losapres D 100/25 x 30 Comprimidos Recubiertos,0,0.0
ácido acetilsalicílico,farmazon,Babe Proteo F+F Unidades 2 ml x 10 Ampollas,0,0.0
ácido acetilsalicílico,farmazon,Florea x 30 Cápsulas,0,0.0
atorvastatina,ahumada,Lowden 10 mg x 60 Comprimidos Recubiertos,35795,1.082711
metformina,ahumada,Janumet 50 mg/850 mg x 56 Comprimidos Recubiertos,55395,1.6755629
metformina,ahumada,Forxiga 10 mg x 28 Comprimidos Recubiertos,44895,1.3579637
ácido acetilsalicílico,farmazon,Aspirina para Niños 100 mg Tira x 14 Comprimidos,0,0.0
ácido acetilsalicílico,farmazon,Mintlab Alopurinol 100 mg x 20 Comprimidos,1290,0.039019335
ácido acetilsalicílico,farmazon,Maybelline Instant Anti-Age El Borrador Sun Beige x 20 ml,0,0.0
ácido acetilsalicílico,farmazon,Rumafit x 60 Cápsulas,0,0.0
ácido acetilsalicílico,farmazon,Gegigel Gel denticion x 20 ml,12990,0.39291564
ácido acetilsalicílico,farmazon,Nexium 20 mg x 14 Comprimidos con recubrimiento entérico,0,0.0
metformina,ahumada,Metformina Clorhidrato 850mg. 60com.,2995,0.09059141
atorvastatina,farmazon,Lowden 10 mg x 30 Comprimidos Recubiertos,0,0.0
losartán,ahumada,Simperten-D 100 mg/25 mg x 30 Comprimidos Recubiertos,29745,0.89971334
ácido acetilsalicílico,farmazon,Nivea Hyaluron Cellular Filler Crema Facial Anti-Edad de Noche +Reafirmante x 50 ml,0,0.0
ácido acetilsalicílico,farmazon,Atemperator Solución para Gotas Orales 375 mg/ ml x 25 ml,0,0.0
atorvastatina,farmazon,Atorvastatina 10 mg x 30 Comprimidos Recubiertos,0,0.0
ácido acetilsalicílico,farmazon,Opti-Free Puremoist para Lentes de Contacto x 300 ml,0,0.0
paracetamol,ahumada,Nastizol Compositum x 100 mL Jarabe,8995,0.2720767
ácido acetilsalicílico,farmazon,Zincovit Plus x 30 Comprimidos Recubiertos,0,0.0
metformina,ahumada,"Trayenta Duo 2,5 mg/500 mg x 60 Comprimidos Recubiertos",45195,1.3670379
paracetamol,ahumada,Tapsin DN Dia/Noche x 18 Cápsulas,4495,0.13596272
metformina,ahumada,Glifortex XR 500 mg x 30 Comprimidos Recubiertos De Liberacion Prolongada,9195,0.2781262
metformina,ahumada,Glucosan Xr 750mg 30comp Rec,10295,0.3113985
metformina,farmazon,"Saxagliptina/Metfomina 2,5mg / 1000 mg x 56 Comprimidos Recubiertos de Liberación Extendida (Kombiglyze XR 2,5mg /1000 mg)",37910,1.1466845
ácido acetilsalicílico,farmazon,Vatanal Crema Tópica Rectal x 20 gr,9990,0.302173
ácido acetilsalicílico,farmazon,Goicoechea Crema Invierno con Almendra x 400 ml,0,0.0
metformina,farmazon,Janumet 50/850 x 56 Comprimidos Recubiertos,50890,1.5392977
ácido acetilsalicílico,ahumada,Nexium 40 mg x 28 Comprimidos Con Recubrimiento Entérico,46395,1.403335
ácido acetilsalicílico,farmazon,Aspirina Forte 650 mg x 10 Comprimidos,1290,0.039019335
ácido acetilsalicílico,farmazon,Petrizzio Crema Contorno de Ojos y Labios Ácido Hialurónico Pieles 40+ x 15 gr,0,0.0
paracetamol,farmazon,Tapsin Sin Cafeína Período Menstrual x 12 Comprimidos,1590,0.048093602
ácido acetilsalicílico,farmazon,Ácido Acetilsalicilico 500 mg x 20 Comprimidos,0,0.0
ácido acetilsalicílico,farmazon,Ascorbil Vitamina C 100 mg x 100 Comprimidos,0,0.0
ácido acetilsalicílico,farmazon,Tranquil-On Kids Jarabe x 125 ml,0,0.0
ácido acetilsalicílico,farmazon,Natabec x 30 Cápsulas,0,0.0
ácido acetilsalicílico,farmazon,Revil Jarabe x 120 ml,0,0.0
metformina,ahumada,Janumet 50 mg/850 mg x 28 Comprimidos Recubiertos,35195,1.0645624
metformina,ahumada,Glafornil 850 mg x 30 Comprimidos Recubiertos,15895,0.48078477
losartán,farmazon,Opko Losartán Potásico 50 mg x 30 Comprimidos Recubiertos,0,0.0
ácido acetilsalicílico,farmazon,Depakene Jarabe 250 mg/5 ml x 120 ml,0,0.0
losartán,farmazon,Corodin D x 30 Comprimidos Recubiertos,0,0.0
ácido acetilsalicílico,farmazon,Synulox Perro x 10 Comprimidos Orales,10790,0.32637104
ácido acetilsalicílico,farmazon,Mintlab Alopurinol 300 mg x 20 Comprimidos,0,0.0
ácido acetilsalicílico,farmazon,Nutrapharm Multivitamínico + Probióticos x 60Comprimidos Masticables,0,0.0
paracetamol,ahumada,Tapsin Nocturno Caja 12 Comp.Displ.,1445,0.043707706
metformina,farmazon,Galvus Met 50/500 x 56 Comprimidos Recubiertos,35990,1.0886092
losartán,ahumada,"Losartan + Hidroclorotiazida 50 mg_12,5 mg x 30 Comprimidos Recubiertos",5395,0.16318552
losartán,farmazon,"Simperten-D 50/12,5 x 30 Comprimidos Recubiertos",0,0.0
ácido acetilsalicílico,farmazon,Congestex Suspensión Oral x 120 ml,0,0.0
ácido acetilsalicílico,farmazon,Ascend Amoxicilina/Ácido Clavulanico 875/125 x 20 Comprimidos Recubiertos,0,0.0
ácido acetilsalicílico,ahumada,Aspirina 100 mg x 42 Comprimidos,3995,0.120838955
losartán,ahumada,Corodin D Forte x 30 Comprimidos Recubiertos,29195,0.88307714
ácido acetilsalicílico,farmazon,Clavoxilina Bid 875/125 x 14 Comprimidos Recubiertos,0,0.0
paracetamol,farmazon,Tapsin Forte Frasco x 30 Comprimidos Recubiertos,3590,0.108588696
ácido acetilsalicílico,farmazon,Supradyn x 30 Grageas,10390,0.31427202
ácido acetilsalicílico,farmazon,CeraVe Crema Reparadora Contorno de Ojos x 14 ml,0,0.0
ácido acetilsalicílico,farmazon,JuveCan Complejo Nutritivo Canino x 250 gr,0,0.0
ácido acetilsalicílico,farmazon,Pielarmina Crema para Pies Agrietados y Resecos x 75 ml,3490,0.10556394
ácido acetilsalicílico,farmazon,Anacin x 30 Comprimidos Recubiertos,0,0.0
ácido acetilsalicílico,farmazon,Neolucid Piel Atópica x 50 gr,10890,0.3293958
ácido acetilsalicílico,farmazon,Trix Cereal para el Desayuno x 300 gr,0,0.0
ácido acetilsalicílico,farmazon,Systain Ultra Plus Gotas Oftálmicas Lubricantes x 10 ml,0,0.0
ácido acetilsalicílico,farmazon,Viternum Vitaminado Solución para Preparación Extemporanea x 125 ml,17990,0.5441534
ácido acetilsalicílico,farmazon,Ácido Valproico 500 mg x 30 Comprimidos con recubrimiento entérico,0,0.0
ácido acetilsalicílico,farmazon,Suplalim Propoleo Miel Kids Sabor Frutilla en Spray x 30 ml,0,0.0
paracetamol,farmazon,Desdol x 20 Comprimidos Recubiertos,4790,0.14488575
ácido acetilsalicílico,farmazon,Nutrapharm Multivitamínico + Probióticos x 30 Comprimidos Masticables,0,0.0
ácido acetilsalicílico,farmazon,Ursofalk 250 mg x 100 Cápsulas,0,0.0
ácido acetilsalicílico,farmazon,NeoStrata Resurface Peeling x 1 Set,0,0.0
ácido acetilsalicílico,farmazon,Miltina Etapa 3 x 900 gr,0,0.0
ácido acetilsalicílico,farmazon,Infor Omega x 30 Cápsulas Blandas,0,0.0
ácido acetilsalicílico,farmazon,Fucicort 20 mg Crema Dermica x 15 gr,0,0.0
ácido acetilsalicílico,ahumada,Iskimil 75 mg x 30 Comprimidos Recubiertos,28395,0.85887915
ácido acetilsalicílico,farmazon,Pjur Med Gel Íntimo Repair Glide con Hyaluron Regenerativo x 100 ml,0,0.0
ácido acetilsalicílico,farmazon,Mi Vit-C 500 mg x 30 Comprimidos Masticables x 200 Cajas,0,0.0
atorvastatina,farmazon,Atenfar 20 mg x 30 Comprimidos Recubiertos,0,0.0
ácido acetilsalicílico,farmazon,Sal de Fruta Eno Limón x 30 Sobres,0,0.0
ácido acetilsalicílico,farmazon,Arens Crema de Manos Miel x 75 ml,0,0.0
paracetamol,ahumada,Nastizol Compositum x 10 Comprimidos Recubiertos,4695,0.14201224
ácido acetilsalicílico,farmazon,NewScience VitaminUp Multibone (Fólico/Vit B6/Vit B12/Vit D3/Vit K2) x 60 Comprimidos,13990,0.4231632
ácido acetilsalicílico,farmazon,Matruelle x 30 Cápsulas Blandas,0,0.0
ácido acetilsalicílico,farmazon,ProBiotix High Potency x 30 cápsulas,22990,0.6953911
paracetamol,farmazon,Panadol Advance x 10 Comprimidos Recubiertos,1690,0.051118355
ácido acetilsalicílico,farmazon,Aquafresh Complete Care Enjuague Bucal Fresh Mint x 500 ml,0,0.0
metformina,ahumada,Hipoglucin LP 500 mg x 60 Comprimidos De Liberación Prolongada,14395,0.43541345
metformina,ahumada,Glifortex 850 mg x 60 Comprimidos Recubiertos,17695,0.53523034
paracetamol,ahumada,Nastizol Compositum x 15 mL Solución Oral Para Gotas,7995,0.24182914
ácido acetilsalicílico,farmazon,Otiflex Limpiador Perros y Gatos x 25 ml,10890,0.3293958
ácido acetilsalicílico,farmazon,"Np-27 Solución Tópica 8,71% x 30 ml",4990,0.15093526
metformina,farmazon,Victoza Solución Inyectable 6 mg/ml En Dispositivo Prellenado x 1 Pack,71890,2.1744962
metformina,ahumada,Glafornil 850 mg x 60 Comprimidos Recubiertos,22195,0.67134434
metformina,ahumada,Victoza 6 mg/mL x 1 Dispositivo Prellenado Solucion Inyectable,84595,2.5587914
ácido acetilsalicílico,farmazon,Cafiaspirina x 100 Comprimidos,0,0.0
ácido acetilsalicílico,farmazon,Valcote 250 mg x 20 Comprimidos con recubrimiento entérico,0,0.0
ácido acetilsalicílico,farmazon,Aspirina para Niños 100 mg x 98 Comprimidos,0,0.0
ácido acetilsalicílico,farmazon,Cotina 50 mg x 40 Comprimidos,0,0.0
metformina,farmazon,"Trayenta Duo 2,5/500 x 60 Comprimidos Recubiertos",0,0.0
ácido acetilsalicílico,farmazon,Lactoflora x 30 Cápsulas,9490,0.28704923
losartán,farmazon,Simperten 50 mg x 30 Comprimidos Recubiertos,0,0.0
ácido acetilsalicílico,farmazon,Natrol Multiple For Women x 90 Tabletas,0,0.0
ácido acetilsalicílico,ahumada,Clotrombix 75 mg x 30 Comprimidos Recubiertos,16295,0.4928838
ácido acetilsalicílico,farmazon,Anacin Max x 8 Comprimidos Recubiertos,0,0.0
ácido acetilsalicílico,farmazon,Zyade Q10 x 60 Cápsulas,0,0.0
ácido acetilsalicílico,farmazon,Aspirina Forte 650 mg x 80 Comprimidos,0,0.0
paracetamol,ahumada,Tapsin M x 10 Comprimidos Recubiertos,2895,0.08756665
ácido acetilsalicílico,farmazon,Mi Vit-C 500 mg x 30 Comprimidos,0,0.0
ácido acetilsalicílico,farmazon,Reutter Ácido Bórico x 10 gr,0,0.0
ácido acetilsalicílico,farmazon,Monoi Tiki Tahiti Hidratante Reparador Coco x 120 ML,0,0.0
paracetamol,farmazon,Kitadol Duo 200/300 x 10 Comprimidos,2790,0.084390655
ácido acetilsalicílico,farmazon,Actebrals x 28 Cápsulas,0,0.0
atorvastatina,farmazon,Lipox 20 mg x 30 Comprimidos Recubiertos,0,0.0
metformina,farmazon,Glucosan XR 750 mg x 60 comprimidos,13990,0.4231632
ácido acetilsalicílico,farmazon,Folisanin 5 mg x 30 Comprimidos,5190,0.15698478
ácido acetilsalicílico,farmazon,Maybelline Instant Anti-Age El Borrador Light Honey x 20 ml,0,0.0
ácido acetilsalicílico,farmazon,Andes Pharma Crema Corporal Hidratante Anti-Edad x 200 gr,0,0.0
ácido acetilsalicílico,farmazon,Maybelline Base de Maquillaje Pure+ Color Claro Natural 220 x 30 ml,0,0.0
ácido acetilsalicílico,farmazon,"Np-27 Solución Tópica 8,71% x 60 ml",6890,0.2084056
ácido acetilsalicílico,farmazon,Tol Total Jarabe x 100 ml,0,0.0
ácido acetilsalicílico,farmazon,Seroquel XR 50 mg x 30 Comprimidos Recubiertos de liberación prolongada,0,0.0
ácido acetilsalicílico,farmazon,Nutrigen Pure DG x 60 Cápsulas,0,0.0
